City_ID,City,Lat,Lng,Max Temp,Humidity,Cloudiness,Wind Speed,Country,Date
0,Arraial Do Cabo,51.51,-0.13,281.15,81,90,4.1,GB,2017-01-30 15:20:00
1,Toliary,51.51,-0.13,281.15,81,90,4.1,GB,2017-01-30 15:20:00
2,Beringovskiy,51.51,-0.13,281.15,81,90,4.1,GB,2017-01-30 15:20:00
3,Sokolo,51.51,-0.13,281.15,81,90,4.1,GB,2017-01-30 15:20:00
4,Punta Arenas,51.51,-0.13,281.15,81,90,4.1,GB,2017-01-30 15:20:00
5,Tessalit,51.51,-0.13,281.15,81,90,4.1,GB,2017-01-30 15:20:00
6,Ribeira Brava,51.51,-0.13,281.15,81,90,4.1,GB,2017-01-30 15:20:00
7,Vuktyl,51.51,-0.13,281.15,81,90,4.1,GB,2017-01-30 15:20:00
8,Cidreira,51.51,-0.13,281.15,81,90,4.1,GB,2017-01-30 15:20:00
9,Kahului,51.51,-0.13,281.15,81,90,4.1,GB,2017-01-30 15:20:00
10,Ushuaia,51.51,-0.13,281.15,81,90,4.1,GB,2017-01-30 15:20:00
11,Taolanaro,51.51,-0.13,281.15,81,90,4.1,GB,2017-01-30 15:20:00
12,Provideniya,51.51,-0.13,281.15,81,90,4.1,GB,2017-01-30 15:20:00
13,Georgetown,51.51,-0.13,281.15,81,90,4.1,GB,2017-01-30 15:20:00
14,Grand Gaube,51.51,-0.13,281.15,81,90,4.1,GB,2017-01-30 15:20:00
15,Hermanus,51.51,-0.13,281.15,81,90,4.1,GB,2017-01-30 15:20:00
16,Cabo San Lucas,51.51,-0.13,281.15,81,90,4.1,GB,2017-01-30 15:20:00
17,Hilo,51.51,-0.13,281.15,81,90,4.1,GB,2017-01-30 15:20:00
18,Castro,51.51,-0.13,281.15,81,90,4.1,GB,2017-01-30 15:20:00
19,Bluff,51.51,-0.13,281.15,81,90,4.1,GB,2017-01-30 15:20:00
20,Paradwip,51.51,-0.13,281.15,81,90,4.1,GB,2017-01-30 15:20:00
21,Huntington,51.51,-0.13,281.15,81,90,4.1,GB,2017-01-30 15:20:00
22,Magistralnyy,51.51,-0.13,281.15,81,90,4.1,GB,2017-01-30 15:20:00
23,Vaini,51.51,-0.13,281.15,81,90,4.1,GB,2017-01-30 15:20:00
24,Hithadhoo,51.51,-0.13,281.15,81,90,4.1,GB,2017-01-30 15:20:00
25,Barentsburg,51.51,-0.13,281.15,81,90,4.1,GB,2017-01-30 15:20:00
26,Airai,51.51,-0.13,281.15,81,90,4.1,GB,2017-01-30 15:20:00
27,Mar Del Plata,51.51,-0.13,281.15,81,90,4.1,GB,2017-01-30 15:20:00
28,Dikson,51.51,-0.13,281.15,81,90,4.1,GB,2017-01-30 15:20:00
29,Thinadhoo,51.51,-0.13,281.15,81,90,4.1,GB,2017-01-30 15:20:00
30,Vestmannaeyjar,51.51,-0.13,281.15,81,90,4.1,GB,2017-01-30 15:20:00
31,Souillac,51.51,-0.13,281.15,81,90,4.1,GB,2017-01-30 15:20:00
32,Bredasdorp,51.51,-0.13,281.15,81,90,4.1,GB,2017-01-30 15:20:00
33,Flin Flon,51.51,-0.13,281.15,81,90,4.1,GB,2017-01-30 15:20:00
34,Ancud,51.51,-0.13,281.15,81,90,4.1,GB,2017-01-30 15:20:00
35,Mount Gambier,51.51,-0.13,281.15,81,90,4.1,GB,2017-01-30 15:20:00
36,Busselton,51.51,-0.13,281.15,81,90,4.1,GB,2017-01-30 15:20:00
37,Kapaa,51.51,-0.13,281.15,81,90,4.1,GB,2017-01-30 15:20:00
38,Broome,51.51,-0.13,281.15,81,90,4.1,GB,2017-01-30 15:20:00
39,Bathsheba,51.51,-0.13,281.15,81,90,4.1,GB,2017-01-30 15:20:00
40,Namatanai,51.51,-0.13,281.15,81,90,4.1,GB,2017-01-30 15:20:00
41,Byron Bay,51.51,-0.13,281.15,81,90,4.1,GB,2017-01-30 15:20:00
42,Arlit,51.51,-0.13,281.15,81,90,4.1,GB,2017-01-30 15:20:00
43,Yellowknife,51.51,-0.13,281.15,81,90,4.1,GB,2017-01-30 15:20:00
44,Ustye,51.51,-0.13,281.15,81,90,4.1,GB,2017-01-30 15:20:00
45,Ucluelet,51.51,-0.13,281.15,81,90,4.1,GB,2017-01-30 15:20:00
46,Fortuna,51.51,-0.13,281.15,81,90,4.1,GB,2017-01-30 15:20:00
47,Lokhvytsya,51.51,-0.13,281.15,81,90,4.1,GB,2017-01-30 15:20:00
48,Peniche,51.51,-0.13,281.15,81,90,4.1,GB,2017-01-30 15:20:00
49,Saskylakh,51.51,-0.13,281.15,81,90,4.1,GB,2017-01-30 15:20:00
50,Cooma,51.51,-0.13,281.15,81,90,4.1,GB,2017-01-30 15:20:00
51,Tuktoyaktuk,51.51,-0.13,281.15,81,90,4.1,GB,2017-01-30 15:20:00
52,Carnarvon,51.51,-0.13,281.15,81,90,4.1,GB,2017-01-30 15:20:00
53,Ust-Omchug,51.51,-0.13,281.15,81,90,4.1,GB,2017-01-30 15:20:00
54,Karratha,51.51,-0.13,281.15,81,90,4.1,GB,2017-01-30 15:20:00
55,Shimoda,51.51,-0.13,281.15,81,90,4.1,GB,2017-01-30 15:20:00
56,Luganville,51.51,-0.13,281.15,81,90,4.1,GB,2017-01-30 15:20:00
57,Faanui,51.51,-0.13,281.15,81,90,4.1,GB,2017-01-30 15:20:00
58,Albany,51.51,-0.13,281.15,81,90,4.1,GB,2017-01-30 15:20:00
59,Del Rio,51.51,-0.13,281.15,81,90,4.1,GB,2017-01-30 15:20:00
60,Loandjili,51.51,-0.13,281.15,81,90,4.1,GB,2017-01-30 15:20:00
61,Port Alfred,51.51,-0.13,281.15,81,90,4.1,GB,2017-01-30 15:20:00
62,Lorengau,51.51,-0.13,281.15,81,90,4.1,GB,2017-01-30 15:20:00
63,Umzimvubu,51.51,-0.13,281.15,81,90,4.1,GB,2017-01-30 15:20:00
64,Mataura,51.51,-0.13,281.15,81,90,4.1,GB,2017-01-30 15:20:00
65,Vaitupu,51.51,-0.13,281.15,81,90,4.1,GB,2017-01-30 15:20:00
66,Aksu,51.51,-0.13,281.15,81,90,4.1,GB,2017-01-30 15:20:00
67,Fort Smith,51.51,-0.13,281.15,81,90,4.1,GB,2017-01-30 15:20:00
68,Salina Cruz,51.51,-0.13,281.15,81,90,4.1,GB,2017-01-30 15:20:00
69,Ribeira Grande,51.51,-0.13,281.15,81,90,4.1,GB,2017-01-30 15:20:00
70,Camacha,51.51,-0.13,281.15,81,90,4.1,GB,2017-01-30 15:20:00
71,Jacona,51.51,-0.13,281.15,81,90,4.1,GB,2017-01-30 15:20:00
72,Barrow,51.51,-0.13,281.15,81,90,4.1,GB,2017-01-30 15:20:00
73,Nome,51.51,-0.13,281.15,81,90,4.1,GB,2017-01-30 15:20:00
74,Luwuk,51.51,-0.13,281.15,81,90,4.1,GB,2017-01-30 15:20:00
75,Puerto Ayora,51.51,-0.13,281.15,81,90,4.1,GB,2017-01-30 15:20:00
76,Banyo,51.51,-0.13,281.15,81,90,4.1,GB,2017-01-30 15:20:00
77,Kloulklubed,51.51,-0.13,281.15,81,90,4.1,GB,2017-01-30 15:20:00
78,Thompson,51.51,-0.13,281.15,81,90,4.1,GB,2017-01-30 15:20:00
79,Cape Town,51.51,-0.13,281.15,81,90,4.1,GB,2017-01-30 15:20:00
80,Rio Gallegos,51.51,-0.13,281.15,81,90,4.1,GB,2017-01-30 15:20:00
81,Katha,51.51,-0.13,281.15,81,90,4.1,GB,2017-01-30 15:20:00
82,Atid,51.51,-0.13,281.15,81,90,4.1,GB,2017-01-30 15:20:00
83,Srandakan,51.51,-0.13,281.15,81,90,4.1,GB,2017-01-30 15:20:00
84,Bambous Virieux,51.51,-0.13,281.15,81,90,4.1,GB,2017-01-30 15:20:00
85,Jamestown,51.51,-0.13,281.15,81,90,4.1,GB,2017-01-30 15:20:00
86,Saint George,51.51,-0.13,281.15,81,90,4.1,GB,2017-01-30 15:20:00
87,Nikolskoye,51.51,-0.13,281.15,81,90,4.1,GB,2017-01-30 15:20:00
88,Okhotsk,51.51,-0.13,281.15,81,90,4.1,GB,2017-01-30 15:20:00
89,Komsomolskiy,51.51,-0.13,281.15,81,90,4.1,GB,2017-01-30 15:20:00
90,San Policarpo,51.51,-0.13,281.15,81,90,4.1,GB,2017-01-30 15:20:00
91,Longyearbyen,51.51,-0.13,281.15,81,90,4.1,GB,2017-01-30 15:20:00
92,Sosnovo-Ozerskoye,51.51,-0.13,281.15,81,90,4.1,GB,2017-01-30 15:20:00
93,Novopavlovka,51.51,-0.13,281.15,81,90,4.1,GB,2017-01-30 15:20:00
94,Vila Franca Do Campo,51.51,-0.13,281.15,81,90,4.1,GB,2017-01-30 15:20:00
95,Yarmouth,51.51,-0.13,281.15,81,90,4.1,GB,2017-01-30 15:20:00
96,Grindavik,51.51,-0.13,281.15,81,90,4.1,GB,2017-01-30 15:20:00
97,Butembo,51.51,-0.13,281.15,81,90,4.1,GB,2017-01-30 15:20:00
98,Houston,51.51,-0.13,281.15,81,90,4.1,GB,2017-01-30 15:20:00
99,Guiyang,51.51,-0.13,281.15,81,90,4.1,GB,2017-01-30 15:20:00
100,Kaitangata,51.51,-0.13,281.15,81,90,4.1,GB,2017-01-30 15:20:00
101,Rikitea,51.51,-0.13,281.15,81,90,4.1,GB,2017-01-30 15:20:00
102,Avarua,51.51,-0.13,281.15,81,90,4.1,GB,2017-01-30 15:20:00
103,Qaanaaq,51.51,-0.13,281.15,81,90,4.1,GB,2017-01-30 15:20:00
104,Victoria,51.51,-0.13,281.15,81,90,4.1,GB,2017-01-30 15:20:00
105,Mutsamudu,51.51,-0.13,281.15,81,90,4.1,GB,2017-01-30 15:20:00
106,Yinchuan,51.51,-0.13,281.15,81,90,4.1,GB,2017-01-30 15:20:00
107,Grand River South East,51.51,-0.13,281.15,81,90,4.1,GB,2017-01-30 15:20:00
108,Saint-Augustin,51.51,-0.13,281.15,81,90,4.1,GB,2017-01-30 15:20:00
109,Saleaula,51.51,-0.13,281.15,81,90,4.1,GB,2017-01-30 15:20:00
110,Mocambique,51.51,-0.13,281.15,81,90,4.1,GB,2017-01-30 15:20:00
111,Atikokan,51.51,-0.13,281.15,81,90,4.1,GB,2017-01-30 15:20:00
112,Mansa,51.51,-0.13,281.15,81,90,4.1,GB,2017-01-30 15:20:00
113,Moses Lake,51.51,-0.13,281.15,81,90,4.1,GB,2017-01-30 15:20:00
114,Frankfort,51.51,-0.13,281.15,81,90,4.1,GB,2017-01-30 15:20:00
115,Cayenne,51.51,-0.13,281.15,81,90,4.1,GB,2017-01-30 15:20:00
116,Kavieng,51.51,-0.13,281.15,81,90,4.1,GB,2017-01-30 15:20:00
117,Biak,51.51,-0.13,281.15,81,90,4.1,GB,2017-01-30 15:20:00
118,Pitimbu,51.51,-0.13,281.15,81,90,4.1,GB,2017-01-30 15:20:00
119,Broken Hill,51.51,-0.13,281.15,81,90,4.1,GB,2017-01-30 15:20:00
120,Salalah,51.51,-0.13,281.15,81,90,4.1,GB,2017-01-30 15:20:00
121,Butaritari,51.51,-0.13,281.15,81,90,4.1,GB,2017-01-30 15:20:00
122,Marand,51.51,-0.13,281.15,81,90,4.1,GB,2017-01-30 15:20:00
123,Hobart,51.51,-0.13,281.15,81,90,4.1,GB,2017-01-30 15:20:00
124,Denham Springs,51.51,-0.13,281.15,81,90,4.1,GB,2017-01-30 15:20:00
125,Cap Malheureux,51.51,-0.13,281.15,81,90,4.1,GB,2017-01-30 15:20:00
126,Orel,51.51,-0.13,281.15,81,90,4.1,GB,2017-01-30 15:20:00
127,Buchanan,51.51,-0.13,281.15,81,90,4.1,GB,2017-01-30 15:20:00
128,Perth,51.51,-0.13,281.15,81,90,4.1,GB,2017-01-30 15:20:00
129,Vostok,51.51,-0.13,281.15,81,90,4.1,GB,2017-01-30 15:20:00
130,Quatre Cocos,51.51,-0.13,281.15,81,90,4.1,GB,2017-01-30 15:20:00
131,Los Llanos De Aridane,51.51,-0.13,281.15,81,90,4.1,GB,2017-01-30 15:20:00
132,Manzhouli,51.51,-0.13,281.15,81,90,4.1,GB,2017-01-30 15:20:00
133,Mahebourg,51.51,-0.13,281.15,81,90,4.1,GB,2017-01-30 15:20:00
134,Puerto Escondido,51.51,-0.13,281.15,81,90,4.1,GB,2017-01-30 15:20:00
135,Illoqqortoormiut,51.51,-0.13,281.15,81,90,4.1,GB,2017-01-30 15:20:00
136,Victoria Point,51.51,-0.13,281.15,81,90,4.1,GB,2017-01-30 15:20:00
137,Kodiak,51.51,-0.13,281.15,81,90,4.1,GB,2017-01-30 15:20:00
138,Namibe,51.51,-0.13,281.15,81,90,4.1,GB,2017-01-30 15:20:00
139,Chara,51.51,-0.13,281.15,81,90,4.1,GB,2017-01-30 15:20:00
140,Bud,51.51,-0.13,281.15,81,90,4.1,GB,2017-01-30 15:20:00
141,Denpasar,51.51,-0.13,281.15,81,90,4.1,GB,2017-01-30 15:20:00
142,Belushya Guba,51.51,-0.13,281.15,81,90,4.1,GB,2017-01-30 15:20:00
143,Aden,51.51,-0.13,281.15,81,90,4.1,GB,2017-01-30 15:20:00
144,Vardo,51.51,-0.13,281.15,81,90,4.1,GB,2017-01-30 15:20:00
145,Lagoa,51.51,-0.13,281.15,81,90,4.1,GB,2017-01-30 15:20:00
146,Maldonado,51.51,-0.13,281.15,81,90,4.1,GB,2017-01-30 15:20:00
147,Tsihombe,51.51,-0.13,281.15,81,90,4.1,GB,2017-01-30 15:20:00
148,Talnakh,51.51,-0.13,281.15,81,90,4.1,GB,2017-01-30 15:20:00
149,Naze,51.51,-0.13,281.15,81,90,4.1,GB,2017-01-30 15:20:00
150,Rawson,51.51,-0.13,281.15,81,90,4.1,GB,2017-01-30 15:20:00
151,Bonavista,51.51,-0.13,281.15,81,90,4.1,GB,2017-01-30 15:20:00
152,Saint-Philippe,51.51,-0.13,281.15,81,90,4.1,GB,2017-01-30 15:20:00
153,Mercedes,51.51,-0.13,281.15,81,90,4.1,GB,2017-01-30 15:20:00
154,Pisco,51.51,-0.13,281.15,81,90,4.1,GB,2017-01-30 15:20:00
155,Mergui,51.51,-0.13,281.15,81,90,4.1,GB,2017-01-30 15:20:00
156,Roshal,51.51,-0.13,281.15,81,90,4.1,GB,2017-01-30 15:20:00
157,Esperance,51.51,-0.13,281.15,81,90,4.1,GB,2017-01-30 15:20:00
158,Lebu,51.51,-0.13,281.15,81,90,4.1,GB,2017-01-30 15:20:00
159,Cockburn Harbour,51.51,-0.13,281.15,81,90,4.1,GB,2017-01-30 15:20:00
160,Kulhudhuffushi,51.51,-0.13,281.15,81,90,4.1,GB,2017-01-30 15:20:00
161,San Cristobal,51.51,-0.13,281.15,81,90,4.1,GB,2017-01-30 15:20:00
162,Te Anau,51.51,-0.13,281.15,81,90,4.1,GB,2017-01-30 15:20:00
163,Bethel,51.51,-0.13,281.15,81,90,4.1,GB,2017-01-30 15:20:00
164,Saint-Pierre,51.51,-0.13,281.15,81,90,4.1,GB,2017-01-30 15:20:00
165,Coahuayana,51.51,-0.13,281.15,81,90,4.1,GB,2017-01-30 15:20:00
166,Iracoubo,51.51,-0.13,281.15,81,90,4.1,GB,2017-01-30 15:20:00
167,Erdemli,51.51,-0.13,281.15,81,90,4.1,GB,2017-01-30 15:20:00
168,Zemio,51.51,-0.13,281.15,81,90,4.1,GB,2017-01-30 15:20:00
169,Champerico,51.51,-0.13,281.15,81,90,4.1,GB,2017-01-30 15:20:00
170,Tiksi,51.51,-0.13,281.15,81,90,4.1,GB,2017-01-30 15:20:00
171,Poso,51.51,-0.13,281.15,81,90,4.1,GB,2017-01-30 15:20:00
172,Huejuquilla El Alto,51.51,-0.13,281.15,81,90,4.1,GB,2017-01-30 15:20:00
173,East London,51.51,-0.13,281.15,81,90,4.1,GB,2017-01-30 15:20:00
174,Qasigiannguit,51.51,-0.13,281.15,81,90,4.1,GB,2017-01-30 15:20:00
175,Khatanga,51.51,-0.13,281.15,81,90,4.1,GB,2017-01-30 15:20:00
176,Joshimath,51.51,-0.13,281.15,81,90,4.1,GB,2017-01-30 15:20:00
177,Asau,51.51,-0.13,281.15,81,90,4.1,GB,2017-01-30 15:20:00
178,Bestobe,51.51,-0.13,281.15,81,90,4.1,GB,2017-01-30 15:20:00
179,New Norfolk,51.51,-0.13,281.15,81,90,4.1,GB,2017-01-30 15:20:00
180,Constantine,51.51,-0.13,281.15,81,90,4.1,GB,2017-01-30 15:20:00
181,Bur Gabo,51.51,-0.13,281.15,81,90,4.1,GB,2017-01-30 15:20:00
182,Mangan,51.51,-0.13,281.15,81,90,4.1,GB,2017-01-30 15:20:00
183,Banikoara,51.51,-0.13,281.15,81,90,4.1,GB,2017-01-30 15:20:00
184,Nuuk,51.51,-0.13,281.15,81,90,4.1,GB,2017-01-30 15:20:00
185,Carrboro,51.51,-0.13,281.15,81,90,4.1,GB,2017-01-30 15:20:00
186,Codrington,51.51,-0.13,281.15,81,90,4.1,GB,2017-01-30 15:20:00
187,Nelson Bay,51.51,-0.13,281.15,81,90,4.1,GB,2017-01-30 15:20:00
188,Edson,51.51,-0.13,281.15,81,90,4.1,GB,2017-01-30 15:20:00
189,Marsh Harbour,51.51,-0.13,281.15,81,90,4.1,GB,2017-01-30 15:20:00
190,Madang,51.51,-0.13,281.15,81,90,4.1,GB,2017-01-30 15:20:00
191,Sentyabrskiy,51.51,-0.13,281.15,81,90,4.1,GB,2017-01-30 15:20:00
192,Rajshahi,51.51,-0.13,281.15,81,90,4.1,GB,2017-01-30 15:20:00
193,Tasiilaq,51.51,-0.13,281.15,81,90,4.1,GB,2017-01-30 15:20:00
194,Baker City,51.51,-0.13,281.15,81,90,4.1,GB,2017-01-30 15:20:00
195,Bilibino,51.51,-0.13,281.15,81,90,4.1,GB,2017-01-30 15:20:00
196,Leshukonskoye,51.51,-0.13,281.15,81,90,4.1,GB,2017-01-30 15:20:00
197,Atuona,51.51,-0.13,281.15,81,90,4.1,GB,2017-01-30 15:20:00
198,Kuching,51.51,-0.13,281.15,81,90,4.1,GB,2017-01-30 15:20:00
199,Cagayan De Tawi-Tawi,51.51,-0.13,281.15,81,90,4.1,GB,2017-01-30 15:20:00
200,Amderma,51.51,-0.13,281.15,81,90,4.1,GB,2017-01-30 15:20:00
201,Vigrestad,51.51,-0.13,281.15,81,90,4.1,GB,2017-01-30 15:20:00
202,Iqaluit,51.51,-0.13,281.15,81,90,4.1,GB,2017-01-30 15:20:00
203,Tongren,51.51,-0.13,281.15,81,90,4.1,GB,2017-01-30 15:20:00
204,Katobu,51.51,-0.13,281.15,81,90,4.1,GB,2017-01-30 15:20:00
205,Laguna,51.51,-0.13,281.15,81,90,4.1,GB,2017-01-30 15:20:00
206,Jalu,51.51,-0.13,281.15,81,90,4.1,GB,2017-01-30 15:20:00
207,Saldanha,51.51,-0.13,281.15,81,90,4.1,GB,2017-01-30 15:20:00
208,Bereda,51.51,-0.13,281.15,81,90,4.1,GB,2017-01-30 15:20:00
209,Ketchikan,51.51,-0.13,281.15,81,90,4.1,GB,2017-01-30 15:20:00
210,Urumqi,51.51,-0.13,281.15,81,90,4.1,GB,2017-01-30 15:20:00
211,Pevek,51.51,-0.13,281.15,81,90,4.1,GB,2017-01-30 15:20:00
212,Lata,51.51,-0.13,281.15,81,90,4.1,GB,2017-01-30 15:20:00
213,San Carlos De Bariloche,51.51,-0.13,281.15,81,90,4.1,GB,2017-01-30 15:20:00
214,Guerrero Negro,51.51,-0.13,281.15,81,90,4.1,GB,2017-01-30 15:20:00
215,Severo-Kurilsk,51.51,-0.13,281.15,81,90,4.1,GB,2017-01-30 15:20:00
216,Marcona,51.51,-0.13,281.15,81,90,4.1,GB,2017-01-30 15:20:00
217,Chuy,51.51,-0.13,281.15,81,90,4.1,GB,2017-01-30 15:20:00
218,Smithers,51.51,-0.13,281.15,81,90,4.1,GB,2017-01-30 15:20:00
219,Shumyachi,51.51,-0.13,281.15,81,90,4.1,GB,2017-01-30 15:20:00
220,Katsiveli,51.51,-0.13,281.15,81,90,4.1,GB,2017-01-30 15:20:00
221,Hovd,51.51,-0.13,281.15,81,90,4.1,GB,2017-01-30 15:20:00
222,Vanimo,51.51,-0.13,281.15,81,90,4.1,GB,2017-01-30 15:20:00
223,Nicoya,51.51,-0.13,281.15,81,90,4.1,GB,2017-01-30 15:20:00
224,Trinidad,51.51,-0.13,281.15,81,90,4.1,GB,2017-01-30 15:20:00
225,Port Elizabeth,51.51,-0.13,281.15,81,90,4.1,GB,2017-01-30 15:20:00
226,Nouakchott,51.51,-0.13,281.15,81,90,4.1,GB,2017-01-30 15:20:00
227,Bubaque,51.51,-0.13,281.15,81,90,4.1,GB,2017-01-30 15:20:00
228,Dengzhou,51.51,-0.13,281.15,81,90,4.1,GB,2017-01-30 15:20:00
229,Geraldton,51.51,-0.13,281.15,81,90,4.1,GB,2017-01-30 15:20:00
230,Harwich,51.51,-0.13,281.15,81,90,4.1,GB,2017-01-30 15:20:00
231,Fairbanks,51.51,-0.13,281.15,81,90,4.1,GB,2017-01-30 15:20:00
232,Severnyy-Kospashskiy,51.51,-0.13,281.15,81,90,4.1,GB,2017-01-30 15:20:00
233,Itoman,51.51,-0.13,281.15,81,90,4.1,GB,2017-01-30 15:20:00
234,Nizhneyansk,51.51,-0.13,281.15,81,90,4.1,GB,2017-01-30 15:20:00
235,Faya,51.51,-0.13,281.15,81,90,4.1,GB,2017-01-30 15:20:00
236,Los Alamos,51.51,-0.13,281.15,81,90,4.1,GB,2017-01-30 15:20:00
237,Nemuro,51.51,-0.13,281.15,81,90,4.1,GB,2017-01-30 15:20:00
238,Barcelos,51.51,-0.13,281.15,81,90,4.1,GB,2017-01-30 15:20:00
239,Ilulissat,51.51,-0.13,281.15,81,90,4.1,GB,2017-01-30 15:20:00
240,Talgar,51.51,-0.13,281.15,81,90,4.1,GB,2017-01-30 15:20:00
241,Saint-Joseph,51.51,-0.13,281.15,81,90,4.1,GB,2017-01-30 15:20:00
242,Ponta Do Sol,51.51,-0.13,281.15,81,90,4.1,GB,2017-01-30 15:20:00
243,Sinnamary,51.51,-0.13,281.15,81,90,4.1,GB,2017-01-30 15:20:00
244,Noumea,51.51,-0.13,281.15,81,90,4.1,GB,2017-01-30 15:20:00
245,Belyy Yar,51.51,-0.13,281.15,81,90,4.1,GB,2017-01-30 15:20:00
246,Arroyo,51.51,-0.13,281.15,81,90,4.1,GB,2017-01-30 15:20:00
247,Ducheng,51.51,-0.13,281.15,81,90,4.1,GB,2017-01-30 15:20:00
248,Pangody,51.51,-0.13,281.15,81,90,4.1,GB,2017-01-30 15:20:00
249,Watsa,51.51,-0.13,281.15,81,90,4.1,GB,2017-01-30 15:20:00
250,Urucui,51.51,-0.13,281.15,81,90,4.1,GB,2017-01-30 15:20:00
251,Avera,51.51,-0.13,281.15,81,90,4.1,GB,2017-01-30 15:20:00
252,Port Lincoln,51.51,-0.13,281.15,81,90,4.1,GB,2017-01-30 15:20:00
253,Kamaishi,51.51,-0.13,281.15,81,90,4.1,GB,2017-01-30 15:20:00
254,Tabiauea,51.51,-0.13,281.15,81,90,4.1,GB,2017-01-30 15:20:00
255,Muisne,51.51,-0.13,281.15,81,90,4.1,GB,2017-01-30 15:20:00
256,Half Moon Bay,51.51,-0.13,281.15,81,90,4.1,GB,2017-01-30 15:20:00
257,Hasaki,51.51,-0.13,281.15,81,90,4.1,GB,2017-01-30 15:20:00
258,Kieta,51.51,-0.13,281.15,81,90,4.1,GB,2017-01-30 15:20:00
259,Kruisfontein,51.51,-0.13,281.15,81,90,4.1,GB,2017-01-30 15:20:00
260,Bassila,51.51,-0.13,281.15,81,90,4.1,GB,2017-01-30 15:20:00
261,Townsville,51.51,-0.13,281.15,81,90,4.1,GB,2017-01-30 15:20:00
262,Sao Joao Da Barra,51.51,-0.13,281.15,81,90,4.1,GB,2017-01-30 15:20:00
263,Harper,51.51,-0.13,281.15,81,90,4.1,GB,2017-01-30 15:20:00
264,Zhangjiakou,51.51,-0.13,281.15,81,90,4.1,GB,2017-01-30 15:20:00
265,Brae,51.51,-0.13,281.15,81,90,4.1,GB,2017-01-30 15:20:00
266,Berlevag,51.51,-0.13,281.15,81,90,4.1,GB,2017-01-30 15:20:00
267,Sudbury,51.51,-0.13,281.15,81,90,4.1,GB,2017-01-30 15:20:00
268,Vestmanna,51.51,-0.13,281.15,81,90,4.1,GB,2017-01-30 15:20:00
269,Puerto Leguizamo,51.51,-0.13,281.15,81,90,4.1,GB,2017-01-30 15:20:00
270,Upernavik,51.51,-0.13,281.15,81,90,4.1,GB,2017-01-30 15:20:00
271,Khonuu,51.51,-0.13,281.15,81,90,4.1,GB,2017-01-30 15:20:00
272,Nishihara,51.51,-0.13,281.15,81,90,4.1,GB,2017-01-30 15:20:00
273,Mettur,51.51,-0.13,281.15,81,90,4.1,GB,2017-01-30 15:20:00
274,Meridian,51.51,-0.13,281.15,81,90,4.1,GB,2017-01-30 15:20:00
275,Escanaba,51.51,-0.13,281.15,81,90,4.1,GB,2017-01-30 15:20:00
276,Chokurdakh,51.51,-0.13,281.15,81,90,4.1,GB,2017-01-30 15:20:00
277,Lasa,51.51,-0.13,281.15,81,90,4.1,GB,2017-01-30 15:20:00
278,Shelton,51.51,-0.13,281.15,81,90,4.1,GB,2017-01-30 15:20:00
279,Hun,51.51,-0.13,281.15,81,90,4.1,GB,2017-01-30 15:20:00
280,Sitka,51.51,-0.13,281.15,81,90,4.1,GB,2017-01-30 15:20:00
281,Petatlan,51.51,-0.13,281.15,81,90,4.1,GB,2017-01-30 15:20:00
282,Gravdal,51.51,-0.13,281.15,81,90,4.1,GB,2017-01-30 15:20:00
283,Attawapiskat,51.51,-0.13,281.15,81,90,4.1,GB,2017-01-30 15:20:00
284,Tynne,51.51,-0.13,281.15,81,90,4.1,GB,2017-01-30 15:20:00
285,Khawhai,51.51,-0.13,281.15,81,90,4.1,GB,2017-01-30 15:20:00
286,Neuquen,51.51,-0.13,281.15,81,90,4.1,GB,2017-01-30 15:20:00
287,Yokadouma,51.51,-0.13,281.15,81,90,4.1,GB,2017-01-30 15:20:00
288,Hofn,51.51,-0.13,281.15,81,90,4.1,GB,2017-01-30 15:20:00
289,Haines Junction,51.51,-0.13,281.15,81,90,4.1,GB,2017-01-30 15:20:00
290,Klaksvik,51.51,-0.13,281.15,81,90,4.1,GB,2017-01-30 15:20:00
291,Qaqortoq,51.51,-0.13,281.15,81,90,4.1,GB,2017-01-30 15:20:00
292,Port Pirie,51.51,-0.13,281.15,81,90,4.1,GB,2017-01-30 15:20:00
293,Petropavlovsk-Kamchatskiy,51.51,-0.13,281.15,81,90,4.1,GB,2017-01-30 15:20:00
294,Port Keats,51.51,-0.13,281.15,81,90,4.1,GB,2017-01-30 15:20:00
295,Imbituba,51.51,-0.13,281.15,81,90,4.1,GB,2017-01-30 15:20:00
296,Dingle,51.51,-0.13,281.15,81,90,4.1,GB,2017-01-30 15:20:00
297,Port Blair,51.51,-0.13,281.15,81,90,4.1,GB,2017-01-30 15:20:00
298,Yulara,51.51,-0.13,281.15,81,90,4.1,GB,2017-01-30 15:20:00
299,Hamilton,51.51,-0.13,281.15,81,90,4.1,GB,2017-01-30 15:20:00
300,Shu,51.51,-0.13,281.15,81,90,4.1,GB,2017-01-30 15:20:00
301,Usak,51.51,-0.13,281.15,81,90,4.1,GB,2017-01-30 15:20:00
302,Solnechnyy,51.51,-0.13,281.15,81,90,4.1,GB,2017-01-30 15:20:00
303,Itupiranga,51.51,-0.13,281.15,81,90,4.1,GB,2017-01-30 15:20:00
304,Sepatan,51.51,-0.13,281.15,81,90,4.1,GB,2017-01-30 15:20:00
305,Ngukurr,51.51,-0.13,281.15,81,90,4.1,GB,2017-01-30 15:20:00
306,Kapit,51.51,-0.13,281.15,81,90,4.1,GB,2017-01-30 15:20:00
307,Tahta,51.51,-0.13,281.15,81,90,4.1,GB,2017-01-30 15:20:00
308,Barra Patuca,51.51,-0.13,281.15,81,90,4.1,GB,2017-01-30 15:20:00
309,Indramayu,51.51,-0.13,281.15,81,90,4.1,GB,2017-01-30 15:20:00
310,Norman Wells,51.51,-0.13,281.15,81,90,4.1,GB,2017-01-30 15:20:00
311,Nouadhibou,51.51,-0.13,281.15,81,90,4.1,GB,2017-01-30 15:20:00
312,Palabuhanratu,51.51,-0.13,281.15,81,90,4.1,GB,2017-01-30 15:20:00
313,Husavik,51.51,-0.13,281.15,81,90,4.1,GB,2017-01-30 15:20:00
314,Henties Bay,51.51,-0.13,281.15,81,90,4.1,GB,2017-01-30 15:20:00
315,Aliwal North,51.51,-0.13,281.15,81,90,4.1,GB,2017-01-30 15:20:00
316,Bagdarin,51.51,-0.13,281.15,81,90,4.1,GB,2017-01-30 15:20:00
317,Elizabeth City,51.51,-0.13,281.15,81,90,4.1,GB,2017-01-30 15:20:00
318,Whitehorse,51.51,-0.13,281.15,81,90,4.1,GB,2017-01-30 15:20:00
319,Cabra,51.51,-0.13,281.15,81,90,4.1,GB,2017-01-30 15:20:00
320,Charters Towers,51.51,-0.13,281.15,81,90,4.1,GB,2017-01-30 15:20:00
321,Westport,51.51,-0.13,281.15,81,90,4.1,GB,2017-01-30 15:20:00
322,Formosa,51.51,-0.13,281.15,81,90,4.1,GB,2017-01-30 15:20:00
323,Preobrazheniye,51.51,-0.13,281.15,81,90,4.1,GB,2017-01-30 15:20:00
324,Panguna,51.51,-0.13,281.15,81,90,4.1,GB,2017-01-30 15:20:00
325,Chernyshevskiy,51.51,-0.13,281.15,81,90,4.1,GB,2017-01-30 15:20:00
326,Ambon,51.51,-0.13,281.15,81,90,4.1,GB,2017-01-30 15:20:00
327,Dunedin,51.51,-0.13,281.15,81,90,4.1,GB,2017-01-30 15:20:00
328,Phulabani,51.51,-0.13,281.15,81,90,4.1,GB,2017-01-30 15:20:00
329,Sooke,51.51,-0.13,281.15,81,90,4.1,GB,2017-01-30 15:20:00
330,San Miguel,51.51,-0.13,281.15,81,90,4.1,GB,2017-01-30 15:20:00
331,Surazh,51.51,-0.13,281.15,81,90,4.1,GB,2017-01-30 15:20:00
332,Gat,51.51,-0.13,281.15,81,90,4.1,GB,2017-01-30 15:20:00
333,Venado Tuerto,51.51,-0.13,281.15,81,90,4.1,GB,2017-01-30 15:20:00
334,Koupela,51.51,-0.13,281.15,81,90,4.1,GB,2017-01-30 15:20:00
335,Loukhi,51.51,-0.13,281.15,81,90,4.1,GB,2017-01-30 15:20:00
336,San Patricio,51.51,-0.13,281.15,81,90,4.1,GB,2017-01-30 15:20:00
337,Gornopravdinsk,51.51,-0.13,281.15,81,90,4.1,GB,2017-01-30 15:20:00
338,Coihaique,51.51,-0.13,281.15,81,90,4.1,GB,2017-01-30 15:20:00
339,Clyde River,51.51,-0.13,281.15,81,90,4.1,GB,2017-01-30 15:20:00
340,The Valley,51.51,-0.13,281.15,81,90,4.1,GB,2017-01-30 15:20:00
341,Kenitra,51.51,-0.13,281.15,81,90,4.1,GB,2017-01-30 15:20:00
342,Cap-Aux-Meules,51.51,-0.13,281.15,81,90,4.1,GB,2017-01-30 15:20:00
343,Cabedelo,51.51,-0.13,281.15,81,90,4.1,GB,2017-01-30 15:20:00
344,Poum,51.51,-0.13,281.15,81,90,4.1,GB,2017-01-30 15:20:00
345,Katunino,51.51,-0.13,281.15,81,90,4.1,GB,2017-01-30 15:20:00
346,Turinsk,51.51,-0.13,281.15,81,90,4.1,GB,2017-01-30 15:20:00
347,Krasnoselkup,51.51,-0.13,281.15,81,90,4.1,GB,2017-01-30 15:20:00
348,Tuatapere,51.51,-0.13,281.15,81,90,4.1,GB,2017-01-30 15:20:00
349,Bac Lieu,51.51,-0.13,281.15,81,90,4.1,GB,2017-01-30 15:20:00
350,Pocerski Pricinovic,51.51,-0.13,281.15,81,90,4.1,GB,2017-01-30 15:20:00
351,Nguiu,51.51,-0.13,281.15,81,90,4.1,GB,2017-01-30 15:20:00
352,Chegutu,51.51,-0.13,281.15,81,90,4.1,GB,2017-01-30 15:20:00
353,Port Macquarie,51.51,-0.13,281.15,81,90,4.1,GB,2017-01-30 15:20:00
354,Chagda,51.51,-0.13,281.15,81,90,4.1,GB,2017-01-30 15:20:00
355,Lompoc,51.51,-0.13,281.15,81,90,4.1,GB,2017-01-30 15:20:00
356,Springdale,51.51,-0.13,281.15,81,90,4.1,GB,2017-01-30 15:20:00
357,Kentau,51.51,-0.13,281.15,81,90,4.1,GB,2017-01-30 15:20:00
358,Devonport,51.51,-0.13,281.15,81,90,4.1,GB,2017-01-30 15:20:00
359,Liusha,51.51,-0.13,281.15,81,90,4.1,GB,2017-01-30 15:20:00
360,Bengkulu,51.51,-0.13,281.15,81,90,4.1,GB,2017-01-30 15:20:00
361,Cherskiy,51.51,-0.13,281.15,81,90,4.1,GB,2017-01-30 15:20:00
362,Batemans Bay,51.51,-0.13,281.15,81,90,4.1,GB,2017-01-30 15:20:00
363,Sabang,51.51,-0.13,281.15,81,90,4.1,GB,2017-01-30 15:20:00
364,Mao,51.51,-0.13,281.15,81,90,4.1,GB,2017-01-30 15:20:00
365,Kushima,51.51,-0.13,281.15,81,90,4.1,GB,2017-01-30 15:20:00
366,Fort Saint John,51.51,-0.13,281.15,81,90,4.1,GB,2017-01-30 15:20:00
367,Nefteyugansk,51.51,-0.13,281.15,81,90,4.1,GB,2017-01-30 15:20:00
368,Tigil,51.51,-0.13,281.15,81,90,4.1,GB,2017-01-30 15:20:00
369,Paraopeba,51.51,-0.13,281.15,81,90,4.1,GB,2017-01-30 15:20:00
370,Abu Dhabi,51.51,-0.13,281.15,81,90,4.1,GB,2017-01-30 15:20:00
371,Fonte Boa,51.51,-0.13,281.15,81,90,4.1,GB,2017-01-30 15:20:00
372,Alvorada,51.51,-0.13,281.15,81,90,4.1,GB,2017-01-30 15:20:00
373,Jiazi,51.51,-0.13,281.15,81,90,4.1,GB,2017-01-30 15:20:00
374,Russell,51.51,-0.13,281.15,81,90,4.1,GB,2017-01-30 15:20:00
375,Pandamatenga,51.51,-0.13,281.15,81,90,4.1,GB,2017-01-30 15:20:00
376,Vilhena,51.51,-0.13,281.15,81,90,4.1,GB,2017-01-30 15:20:00
377,La Ronge,51.51,-0.13,281.15,81,90,4.1,GB,2017-01-30 15:20:00
378,Marrakesh,51.51,-0.13,281.15,81,90,4.1,GB,2017-01-30 15:20:00
379,Intipuca,51.51,-0.13,281.15,81,90,4.1,GB,2017-01-30 15:20:00
380,Changde,51.51,-0.13,281.15,81,90,4.1,GB,2017-01-30 15:20:00
381,Kavaratti,51.51,-0.13,281.15,81,90,4.1,GB,2017-01-30 15:20:00
382,Roma,51.51,-0.13,281.15,81,90,4.1,GB,2017-01-30 15:20:00
383,Kalmunai,51.51,-0.13,281.15,81,90,4.1,GB,2017-01-30 15:20:00
384,Sirjan,51.51,-0.13,281.15,81,90,4.1,GB,2017-01-30 15:20:00
385,Ramhormoz,51.51,-0.13,281.15,81,90,4.1,GB,2017-01-30 15:20:00
386,Demyansk,51.51,-0.13,281.15,81,90,4.1,GB,2017-01-30 15:20:00
387,Price,51.51,-0.13,281.15,81,90,4.1,GB,2017-01-30 15:20:00
388,Bairiki,51.51,-0.13,281.15,81,90,4.1,GB,2017-01-30 15:20:00
389,Ndele,51.51,-0.13,281.15,81,90,4.1,GB,2017-01-30 15:20:00
390,Swan River,51.51,-0.13,281.15,81,90,4.1,GB,2017-01-30 15:20:00
391,Feicheng,51.51,-0.13,281.15,81,90,4.1,GB,2017-01-30 15:20:00
392,Minot,51.51,-0.13,281.15,81,90,4.1,GB,2017-01-30 15:20:00
393,Padang,51.51,-0.13,281.15,81,90,4.1,GB,2017-01-30 15:20:00
394,Wismar,51.51,-0.13,281.15,81,90,4.1,GB,2017-01-30 15:20:00
395,Mayo,51.51,-0.13,281.15,81,90,4.1,GB,2017-01-30 15:20:00
396,Kozulka,51.51,-0.13,281.15,81,90,4.1,GB,2017-01-30 15:20:00
397,Coquimbo,51.51,-0.13,281.15,81,90,4.1,GB,2017-01-30 15:20:00
398,Areka,51.51,-0.13,281.15,81,90,4.1,GB,2017-01-30 15:20:00
399,Zamora,51.51,-0.13,281.15,81,90,4.1,GB,2017-01-30 15:20:00
400,Seoul,51.51,-0.13,281.15,81,90,4.1,GB,2017-01-30 15:20:00
401,Altay,51.51,-0.13,281.15,81,90,4.1,GB,2017-01-30 15:20:00
402,Torbay,51.51,-0.13,281.15,81,90,4.1,GB,2017-01-30 15:20:00
403,Hami,51.51,-0.13,281.15,81,90,4.1,GB,2017-01-30 15:20:00
404,Luanda,51.51,-0.13,281.15,81,90,4.1,GB,2017-01-30 15:20:00
405,Shakhty,51.51,-0.13,281.15,81,90,4.1,GB,2017-01-30 15:20:00
406,Kattivakkam,51.51,-0.13,281.15,81,90,4.1,GB,2017-01-30 15:20:00
407,Skagastrond,51.51,-0.13,281.15,81,90,4.1,GB,2017-01-30 15:20:00
408,Chazuta,51.51,-0.13,281.15,81,90,4.1,GB,2017-01-30 15:20:00
409,Gizo,51.51,-0.13,281.15,81,90,4.1,GB,2017-01-30 15:20:00
410,Oussouye,51.51,-0.13,281.15,81,90,4.1,GB,2017-01-30 15:20:00
411,Necochea,51.51,-0.13,281.15,81,90,4.1,GB,2017-01-30 15:20:00
412,Banda Aceh,51.51,-0.13,281.15,81,90,4.1,GB,2017-01-30 15:20:00
413,Antalaha,51.51,-0.13,281.15,81,90,4.1,GB,2017-01-30 15:20:00
414,Karakendzha,51.51,-0.13,281.15,81,90,4.1,GB,2017-01-30 15:20:00
415,Batticaloa,51.51,-0.13,281.15,81,90,4.1,GB,2017-01-30 15:20:00
416,Keffi,51.51,-0.13,281.15,81,90,4.1,GB,2017-01-30 15:20:00
417,Carballo,51.51,-0.13,281.15,81,90,4.1,GB,2017-01-30 15:20:00
418,Dahra,51.51,-0.13,281.15,81,90,4.1,GB,2017-01-30 15:20:00
419,Mitchell,51.51,-0.13,281.15,81,90,4.1,GB,2017-01-30 15:20:00
420,Mount Isa,51.51,-0.13,281.15,81,90,4.1,GB,2017-01-30 15:20:00
421,Glinde,51.51,-0.13,281.15,81,90,4.1,GB,2017-01-30 15:20:00
422,Rodrigues Alves,51.51,-0.13,281.15,81,90,4.1,GB,2017-01-30 15:20:00
423,Rab,51.51,-0.13,281.15,81,90,4.1,GB,2017-01-30 15:20:00
424,Luhyny,51.51,-0.13,281.15,81,90,4.1,GB,2017-01-30 15:20:00
425,Hay River,51.51,-0.13,281.15,81,90,4.1,GB,2017-01-30 15:20:00
426,Minab,51.51,-0.13,281.15,81,90,4.1,GB,2017-01-30 15:20:00
427,Vilcun,51.51,-0.13,281.15,81,90,4.1,GB,2017-01-30 15:20:00
428,Belogorsk,51.51,-0.13,281.15,81,90,4.1,GB,2017-01-30 15:20:00
429,Aykhal,51.51,-0.13,281.15,81,90,4.1,GB,2017-01-30 15:20:00
430,Nara,51.51,-0.13,281.15,81,90,4.1,GB,2017-01-30 15:20:00
431,Aranos,51.51,-0.13,281.15,81,90,4.1,GB,2017-01-30 15:20:00
432,Waipawa,51.51,-0.13,281.15,81,90,4.1,GB,2017-01-30 15:20:00
433,Estancia,51.51,-0.13,281.15,81,90,4.1,GB,2017-01-30 15:20:00
434,Makat,51.51,-0.13,281.15,81,90,4.1,GB,2017-01-30 15:20:00
435,De Aar,51.51,-0.13,281.15,81,90,4.1,GB,2017-01-30 15:20:00
436,Mancio Lima,51.51,-0.13,281.15,81,90,4.1,GB,2017-01-30 15:20:00
437,Bakal,51.51,-0.13,281.15,81,90,4.1,GB,2017-01-30 15:20:00
438,Taoudenni,51.51,-0.13,281.15,81,90,4.1,GB,2017-01-30 15:20:00
439,Atasu,51.51,-0.13,281.15,81,90,4.1,GB,2017-01-30 15:20:00
440,Pak Phanang,51.51,-0.13,281.15,81,90,4.1,GB,2017-01-30 15:20:00
441,Povoa De Varzim,51.51,-0.13,281.15,81,90,4.1,GB,2017-01-30 15:20:00
442,Olga,51.51,-0.13,281.15,81,90,4.1,GB,2017-01-30 15:20:00
443,Campbell River,51.51,-0.13,281.15,81,90,4.1,GB,2017-01-30 15:20:00
444,Constitucion,51.51,-0.13,281.15,81,90,4.1,GB,2017-01-30 15:20:00
445,Fort Nelson,51.51,-0.13,281.15,81,90,4.1,GB,2017-01-30 15:20:00
446,Ambilobe,51.51,-0.13,281.15,81,90,4.1,GB,2017-01-30 15:20:00
447,Helong,51.51,-0.13,281.15,81,90,4.1,GB,2017-01-30 15:20:00
448,Santa Maria,51.51,-0.13,281.15,81,90,4.1,GB,2017-01-30 15:20:00
449,Tevriz,51.51,-0.13,281.15,81,90,4.1,GB,2017-01-30 15:20:00
450,Portland,51.51,-0.13,281.15,81,90,4.1,GB,2017-01-30 15:20:00
451,Usolye,51.51,-0.13,281.15,81,90,4.1,GB,2017-01-30 15:20:00
452,Dwarka,51.51,-0.13,281.15,81,90,4.1,GB,2017-01-30 15:20:00
453,Aykino,51.51,-0.13,281.15,81,90,4.1,GB,2017-01-30 15:20:00
454,Port Moresby,51.51,-0.13,281.15,81,90,4.1,GB,2017-01-30 15:20:00
455,Itarema,51.51,-0.13,281.15,81,90,4.1,GB,2017-01-30 15:20:00
456,Richards Bay,51.51,-0.13,281.15,81,90,4.1,GB,2017-01-30 15:20:00
457,Sorland,51.51,-0.13,281.15,81,90,4.1,GB,2017-01-30 15:20:00
458,Santa Cruz,51.51,-0.13,281.15,81,90,4.1,GB,2017-01-30 15:20:00
459,Plouzane,51.51,-0.13,281.15,81,90,4.1,GB,2017-01-30 15:20:00
460,Korla,51.51,-0.13,281.15,81,90,4.1,GB,2017-01-30 15:20:00
461,Alyangula,51.51,-0.13,281.15,81,90,4.1,GB,2017-01-30 15:20:00
462,Denia,51.51,-0.13,281.15,81,90,4.1,GB,2017-01-30 15:20:00
463,Saint-Francois,51.51,-0.13,281.15,81,90,4.1,GB,2017-01-30 15:20:00
464,Araripe,51.51,-0.13,281.15,81,90,4.1,GB,2017-01-30 15:20:00
465,Khorramshahr,51.51,-0.13,281.15,81,90,4.1,GB,2017-01-30 15:20:00
466,Lavrentiya,51.51,-0.13,281.15,81,90,4.1,GB,2017-01-30 15:20:00
467,Kudahuvadhoo,51.51,-0.13,281.15,81,90,4.1,GB,2017-01-30 15:20:00
468,Christchurch,51.51,-0.13,281.15,81,90,4.1,GB,2017-01-30 15:20:00
469,Okitipupa,51.51,-0.13,281.15,81,90,4.1,GB,2017-01-30 15:20:00
470,Baruun-Urt,51.51,-0.13,281.15,81,90,4.1,GB,2017-01-30 15:20:00
471,Muskegon,51.51,-0.13,281.15,81,90,4.1,GB,2017-01-30 15:20:00
472,Bajil,51.51,-0.13,281.15,81,90,4.1,GB,2017-01-30 15:20:00
473,Orgun,51.51,-0.13,281.15,81,90,4.1,GB,2017-01-30 15:20:00
474,Jujuy,51.51,-0.13,281.15,81,90,4.1,GB,2017-01-30 15:20:00
475,Narsaq,51.51,-0.13,281.15,81,90,4.1,GB,2017-01-30 15:20:00
476,Stornoway,51.51,-0.13,281.15,81,90,4.1,GB,2017-01-30 15:20:00
477,Shache,51.51,-0.13,281.15,81,90,4.1,GB,2017-01-30 15:20:00
478,Cam Pha,51.51,-0.13,281.15,81,90,4.1,GB,2017-01-30 15:20:00
479,Leningradskiy,51.51,-0.13,281.15,81,90,4.1,GB,2017-01-30 15:20:00
480,Birao,51.51,-0.13,281.15,81,90,4.1,GB,2017-01-30 15:20:00
481,Teguise,51.51,-0.13,281.15,81,90,4.1,GB,2017-01-30 15:20:00
482,Meyungs,51.51,-0.13,281.15,81,90,4.1,GB,2017-01-30 15:20:00
483,Mapimi,51.51,-0.13,281.15,81,90,4.1,GB,2017-01-30 15:20:00
484,Alofi,51.51,-0.13,281.15,81,90,4.1,GB,2017-01-30 15:20:00
485,Zhanaozen,51.51,-0.13,281.15,81,90,4.1,GB,2017-01-30 15:20:00
486,Olden,51.51,-0.13,281.15,81,90,4.1,GB,2017-01-30 15:20:00
487,Mazatlan,51.51,-0.13,281.15,81,90,4.1,GB,2017-01-30 15:20:00
488,Pincher Creek,51.51,-0.13,281.15,81,90,4.1,GB,2017-01-30 15:20:00
489,Santa Cruz Del Sur,51.51,-0.13,281.15,81,90,4.1,GB,2017-01-30 15:20:00
490,Isangel,51.51,-0.13,281.15,81,90,4.1,GB,2017-01-30 15:20:00
491,Prince Rupert,51.51,-0.13,281.15,81,90,4.1,GB,2017-01-30 15:20:00
492,Alta Floresta,51.51,-0.13,281.15,81,90,4.1,GB,2017-01-30 15:20:00
493,Pointe Michel,51.51,-0.13,281.15,81,90,4.1,GB,2017-01-30 15:20:00
494,Yanan,51.51,-0.13,281.15,81,90,4.1,GB,2017-01-30 15:20:00
495,Ostrovnoy,51.51,-0.13,281.15,81,90,4.1,GB,2017-01-30 15:20:00
496,Egvekinot,51.51,-0.13,281.15,81,90,4.1,GB,2017-01-30 15:20:00
497,Rocky River,51.51,-0.13,281.15,81,90,4.1,GB,2017-01-30 15:20:00
498,Narasannapeta,51.51,-0.13,281.15,81,90,4.1,GB,2017-01-30 15:20:00
499,Ornskoldsvik,51.51,-0.13,281.15,81,90,4.1,GB,2017-01-30 15:20:00
500,Pangnirtung,51.51,-0.13,281.15,81,90,4.1,GB,2017-01-30 15:20:00
501,Puerto Ayacucho,51.51,-0.13,281.15,81,90,4.1,GB,2017-01-30 15:20:00
502,Mehamn,51.51,-0.13,281.15,81,90,4.1,GB,2017-01-30 15:20:00
503,Yalchiki,51.51,-0.13,281.15,81,90,4.1,GB,2017-01-30 15:20:00
504,Alabaster,51.51,-0.13,281.15,81,90,4.1,GB,2017-01-30 15:20:00
505,Jiwani,51.51,-0.13,281.15,81,90,4.1,GB,2017-01-30 15:20:00
506,Emba,51.51,-0.13,281.15,81,90,4.1,GB,2017-01-30 15:20:00
507,Uchaly,51.51,-0.13,281.15,81,90,4.1,GB,2017-01-30 15:20:00
508,Remiremont,51.51,-0.13,281.15,81,90,4.1,GB,2017-01-30 15:20:00
509,Ahipara,51.51,-0.13,281.15,81,90,4.1,GB,2017-01-30 15:20:00
510,Scottsboro,51.51,-0.13,281.15,81,90,4.1,GB,2017-01-30 15:20:00
511,Wulanhaote,51.51,-0.13,281.15,81,90,4.1,GB,2017-01-30 15:20:00
512,Tanta,51.51,-0.13,281.15,81,90,4.1,GB,2017-01-30 15:20:00
513,Venancio Aires,51.51,-0.13,281.15,81,90,4.1,GB,2017-01-30 15:20:00
514,Pryazha,51.51,-0.13,281.15,81,90,4.1,GB,2017-01-30 15:20:00
515,Krasnyy Yar,51.51,-0.13,281.15,81,90,4.1,GB,2017-01-30 15:20:00
516,Am Timan,51.51,-0.13,281.15,81,90,4.1,GB,2017-01-30 15:20:00
517,Kamenskoye,51.51,-0.13,281.15,81,90,4.1,GB,2017-01-30 15:20:00
518,Buluang,51.51,-0.13,281.15,81,90,4.1,GB,2017-01-30 15:20:00
519,Jinchengjiang,51.51,-0.13,281.15,81,90,4.1,GB,2017-01-30 15:20:00
520,Marzuq,51.51,-0.13,281.15,81,90,4.1,GB,2017-01-30 15:20:00
521,Asayita,51.51,-0.13,281.15,81,90,4.1,GB,2017-01-30 15:20:00
522,Sisimiut,51.51,-0.13,281.15,81,90,4.1,GB,2017-01-30 15:20:00
523,Marawi,51.51,-0.13,281.15,81,90,4.1,GB,2017-01-30 15:20:00
524,Bargal,51.51,-0.13,281.15,81,90,4.1,GB,2017-01-30 15:20:00
525,Mrirt,51.51,-0.13,281.15,81,90,4.1,GB,2017-01-30 15:20:00
526,Cefa,51.51,-0.13,281.15,81,90,4.1,GB,2017-01-30 15:20:00
527,Armidale,51.51,-0.13,281.15,81,90,4.1,GB,2017-01-30 15:20:00
528,Kidal,51.51,-0.13,281.15,81,90,4.1,GB,2017-01-30 15:20:00
529,Gogrial,51.51,-0.13,281.15,81,90,4.1,GB,2017-01-30 15:20:00
530,Novaya Lyada,51.51,-0.13,281.15,81,90,4.1,GB,2017-01-30 15:20:00
531,Yaval,51.51,-0.13,281.15,81,90,4.1,GB,2017-01-30 15:20:00
532,Kiruna,51.51,-0.13,281.15,81,90,4.1,GB,2017-01-30 15:20:00
533,Zirandaro,51.51,-0.13,281.15,81,90,4.1,GB,2017-01-30 15:20:00
534,Lugovoy,51.51,-0.13,281.15,81,90,4.1,GB,2017-01-30 15:20:00
535,Xichang,51.51,-0.13,281.15,81,90,4.1,GB,2017-01-30 15:20:00
536,Matara,51.51,-0.13,281.15,81,90,4.1,GB,2017-01-30 15:20:00
537,Harlingen,51.51,-0.13,281.15,81,90,4.1,GB,2017-01-30 15:20:00
538,Xai-Xai,51.51,-0.13,281.15,81,90,4.1,GB,2017-01-30 15:20:00
539,Kilimatinde,51.51,-0.13,281.15,81,90,4.1,GB,2017-01-30 15:20:00
540,Frontera,51.51,-0.13,281.15,81,90,4.1,GB,2017-01-30 15:20:00
541,Tunduru,51.51,-0.13,281.15,81,90,4.1,GB,2017-01-30 15:20:00
542,Corralillo,51.51,-0.13,281.15,81,90,4.1,GB,2017-01-30 15:20:00
543,Soverato,51.51,-0.13,281.15,81,90,4.1,GB,2017-01-30 15:20:00
544,Arman,51.51,-0.13,281.15,81,90,4.1,GB,2017-01-30 15:20:00
545,Lazaro Cardenas,51.51,-0.13,281.15,81,90,4.1,GB,2017-01-30 15:20:00
546,San Juan,51.51,-0.13,281.15,81,90,4.1,GB,2017-01-30 15:20:00
547,Tiarei,51.51,-0.13,281.15,81,90,4.1,GB,2017-01-30 15:20:00
548,Samusu,51.51,-0.13,281.15,81,90,4.1,GB,2017-01-30 15:20:00
549,Serchhip,51.51,-0.13,281.15,81,90,4.1,GB,2017-01-30 15:20:00
550,Puerto Narino,51.51,-0.13,281.15,81,90,4.1,GB,2017-01-30 15:20:00
551,Novosheshminsk,51.51,-0.13,281.15,81,90,4.1,GB,2017-01-30 15:20:00
552,Palmer,51.51,-0.13,281.15,81,90,4.1,GB,2017-01-30 15:20:00
553,Ormskirk,51.51,-0.13,281.15,81,90,4.1,GB,2017-01-30 15:20:00
554,Thunder Bay,51.51,-0.13,281.15,81,90,4.1,GB,2017-01-30 15:20:00
555,Shelburne,51.51,-0.13,281.15,81,90,4.1,GB,2017-01-30 15:20:00
556,Kargasok,51.51,-0.13,281.15,81,90,4.1,GB,2017-01-30 15:20:00
557,Tabuk,51.51,-0.13,281.15,81,90,4.1,GB,2017-01-30 15:20:00
558,Lumeje,51.51,-0.13,281.15,81,90,4.1,GB,2017-01-30 15:20:00
559,Piacabucu,51.51,-0.13,281.15,81,90,4.1,GB,2017-01-30 15:20:00
560,Sinkat,51.51,-0.13,281.15,81,90,4.1,GB,2017-01-30 15:20:00
561,Eureka,51.51,-0.13,281.15,81,90,4.1,GB,2017-01-30 15:20:00
562,Svetlaya,51.51,-0.13,281.15,81,90,4.1,GB,2017-01-30 15:20:00
563,Methala,51.51,-0.13,281.15,81,90,4.1,GB,2017-01-30 15:20:00
564,Khovu-Aksy,51.51,-0.13,281.15,81,90,4.1,GB,2017-01-30 15:20:00
565,Liverpool,51.51,-0.13,281.15,81,90,4.1,GB,2017-01-30 15:20:00
566,Ixtapa,51.51,-0.13,281.15,81,90,4.1,GB,2017-01-30 15:20:00
567,Tsaratanana,51.51,-0.13,281.15,81,90,4.1,GB,2017-01-30 15:20:00
568,Hinton,51.51,-0.13,281.15,81,90,4.1,GB,2017-01-30 15:20:00
569,Nioro,51.51,-0.13,281.15,81,90,4.1,GB,2017-01-30 15:20:00
570,Ranong,51.51,-0.13,281.15,81,90,4.1,GB,2017-01-30 15:20:00
571,Ossora,51.51,-0.13,281.15,81,90,4.1,GB,2017-01-30 15:20:00
572,Karia,51.51,-0.13,281.15,81,90,4.1,GB,2017-01-30 15:20:00
573,San Rafael,51.51,-0.13,281.15,81,90,4.1,GB,2017-01-30 15:20:00
574,Aklavik,51.51,-0.13,281.15,81,90,4.1,GB,2017-01-30 15:20:00
575,Kankakee,51.51,-0.13,281.15,81,90,4.1,GB,2017-01-30 15:20:00
576,Siguiri,51.51,-0.13,281.15,81,90,4.1,GB,2017-01-30 15:20:00
577,Bismarck,51.51,-0.13,281.15,81,90,4.1,GB,2017-01-30 15:20:00
578,Atar,51.51,-0.13,281.15,81,90,4.1,GB,2017-01-30 15:20:00
579,Changli,51.51,-0.13,281.15,81,90,4.1,GB,2017-01-30 15:20:00
580,Saint Austell,51.51,-0.13,281.15,81,90,4.1,GB,2017-01-30 15:20:00
581,Chapais,51.51,-0.13,281.15,81,90,4.1,GB,2017-01-30 15:20:00
582,Almaznyy,51.51,-0.13,281.15,81,90,4.1,GB,2017-01-30 15:20:00
583,Kisangani,51.51,-0.13,281.15,81,90,4.1,GB,2017-01-30 15:20:00
584,Fredonia,51.51,-0.13,281.15,81,90,4.1,GB,2017-01-30 15:20:00
585,Morbach,51.51,-0.13,281.15,81,90,4.1,GB,2017-01-30 15:20:00
586,Port Antonio,51.51,-0.13,281.15,81,90,4.1,GB,2017-01-30 15:20:00
587,Linxia,51.51,-0.13,281.15,81,90,4.1,GB,2017-01-30 15:20:00
588,Meulaboh,51.51,-0.13,281.15,81,90,4.1,GB,2017-01-30 15:20:00
589,Mezen,51.51,-0.13,281.15,81,90,4.1,GB,2017-01-30 15:20:00
590,Port Hardy,51.51,-0.13,281.15,81,90,4.1,GB,2017-01-30 15:20:00
591,Kutum,51.51,-0.13,281.15,81,90,4.1,GB,2017-01-30 15:20:00
592,Tual,51.51,-0.13,281.15,81,90,4.1,GB,2017-01-30 15:20:00
593,Tsienyane,51.51,-0.13,281.15,81,90,4.1,GB,2017-01-30 15:20:00
594,Vilyuysk,51.51,-0.13,281.15,81,90,4.1,GB,2017-01-30 15:20:00
595,Usinsk,51.51,-0.13,281.15,81,90,4.1,GB,2017-01-30 15:20:00
